{
  "mean": [
    301.00036563071296,
    -908.7561243144424,
    8559.151736745887,
    -208.94844606946984,
    -27.110420475319927,
    191.02888482632542
  ],
  "scale": [
    13208.501370720636,
    155.93717894961208,
    6086.70356367385,
    17.558715611598497,
    1851.85375108631,
    35.06434262351536
  ]
}
